profile_rank,engine,environment_percent_bucket,tree_level_label,observations_bucket,spike_gap_bucket,spread_bucket,race_type_label,red_warning_label,profile,observations,winners,losers,hit_rate_percent,raw_rank,weighted_light_percent,weighted_light_rank,weighted_light_rank_change,weighted_medium_percent,weighted_medium_rank,weighted_medium_rank_change,weighted_strong_percent,weighted_strong_rank,weighted_strong_rank_change,max_absolute_rank_change
1,SPIKESCORE,60–65,4,20–29,40+,80+,3-hästarslopp,Nej,Miljö=60–65 | Tree=4 | Obs=20–29 | SpikeGap=40+ | Spread=80+ | Lopptyp=3-hästarslopp | Röd=Nej,23,14,9,60.86956521739131,31,56.31860776439089,3,28,52.58032128514056,1,30,49.23553864581132,1,30,30
5,SPIKESCORE,65+,3,20–29,40+,70–80,3-hästarslopp,Nej,Miljö=65+ | Tree=3 | Obs=20–29 | SpikeGap=40+ | Spread=70–80 | Lopptyp=3-hästarslopp | Röd=Nej,4,4,0,100.0,1,62.68711208470245,1,0,52.53394530502964,2,-1,47.537518495032764,3,-2,2
3,SPIKESCORE,65+,3,20–29,40+,<60,Öppet lopp,Nej,Miljö=65+ | Tree=3 | Obs=20–29 | SpikeGap=40+ | Spread=<60 | Lopptyp=Öppet lopp | Röd=Nej,6,5,1,83.33333333333334,28,60.73524868705592,2,26,52.31360223502707,3,25,47.66064257028113,2,26,26
4,SPIKESCORE,55–60,3,20–29,40+,<60,Öppet lopp,Nej,Miljö=55–60 | Tree=3 | Obs=20–29 | SpikeGap=40+ | Spread=<60 | Lopptyp=Öppet lopp | Röd=Nej,8,5,3,62.5,30,52.6372155287818,10,20,48.1285140562249,4,26,45.3910881621725,4,26,26
6,SPIKESCORE,50–55,4,20–29,0–10,80+,3-hästarslopp,Nej,Miljö=50–55 | Tree=4 | Obs=20–29 | SpikeGap=0–10 | Spread=80+ | Lopptyp=3-hästarslopp | Röd=Nej,6,4,2,66.66666666666666,29,53.04294099474822,9,20,47.965776148070546,5,24,45.16064257028113,5,24,24
9,SPIKESCORE,40–45,2,60–99,40+,<60,Öppet lopp,Ja,Miljö=40–45 | Tree=2 | Obs=60–99 | SpikeGap=40+ | Spread=<60 | Lopptyp=Öppet lopp | Röd=Ja,2,2,0,100.0,2,54.39535921463633,4,-2,47.537518495032764,6,-4,44.62293618920125,6,-4,4
10,SPIKESCORE,40–45,3,20–29,10–20,70–80,Öppet lopp,Nej,Miljö=40–45 | Tree=3 | Obs=20–29 | SpikeGap=10–20 | Spread=70–80 | Lopptyp=Öppet lopp | Röd=Nej,2,2,0,100.0,3,54.39535921463633,5,-2,47.537518495032764,7,-4,44.62293618920125,7,-4,4
11,SPIKESCORE,45–50,3,30–39,0–10,<60,Öppet lopp,Nej,Miljö=45–50 | Tree=3 | Obs=30–39 | SpikeGap=0–10 | Spread=<60 | Lopptyp=Öppet lopp | Röd=Nej,2,2,0,100.0,4,54.39535921463633,6,-2,47.537518495032764,8,-4,44.62293618920125,8,-4,4
12,SPIKESCORE,50–55,3,20–29,0–10,<60,Öppet lopp,Nej,Miljö=50–55 | Tree=3 | Obs=20–29 | SpikeGap=0–10 | Spread=<60 | Lopptyp=Öppet lopp | Röd=Nej,2,2,0,100.0,5,54.39535921463633,7,-2,47.537518495032764,9,-4,44.62293618920125,9,-4,4
13,SPIKESCORE,55–60,3,20–29,20–30,80+,3-hästarslopp,Nej,Miljö=55–60 | Tree=3 | Obs=20–29 | SpikeGap=20–30 | Spread=80+ | Lopptyp=3-hästarslopp | Röd=Nej,2,2,0,100.0,6,54.39535921463633,8,-2,47.537518495032764,10,-4,44.62293618920125,10,-4,4
7,SPIKESCORE,Unknown,0,<10,10–20,<60,Öppet lopp,Ja,Miljö=Unknown | Tree=0 | Obs=<10 | SpikeGap=10–20 | Spread=<60 | Lopptyp=Öppet lopp | Röd=Ja,5,3,2,60.0,32,49.12985274431058,11,21,45.60058415480102,11,21,43.754505200288335,11,21,21
2,SPIKESCORE,55–60,3,30–39,40+,80+,Öppet lopp,Nej,Miljö=55–60 | Tree=3 | Obs=30–39 | SpikeGap=40+ | Spread=80+ | Lopptyp=Öppet lopp | Röd=Nej,12,6,6,50.0,33,46.818854364827736,33,0,44.93837418640078,12,21,43.61795006111402,12,21,21
17,SPIKESCORE,40–45,1,40–59,30–40,<60,Öppet lopp,Ja,Miljö=40–45 | Tree=1 | Obs=40–59 | SpikeGap=30–40 | Spread=<60 | Lopptyp=Öppet lopp | Röd=Ja,1,1,0,100.0,7,48.69477911646587,12,-5,44.62293618920125,13,-6,43.040734366035565,13,-6,6
18,SPIKESCORE,40–45,2,20–29,0–10,<60,Öppet lopp,Nej,Miljö=40–45 | Tree=2 | Obs=20–29 | SpikeGap=0–10 | Spread=<60 | Lopptyp=Öppet lopp | Röd=Nej,1,1,0,100.0,8,48.69477911646587,13,-5,44.62293618920125,14,-6,43.040734366035565,14,-6,6
19,SPIKESCORE,40–45,2,20–29,20–30,60–70,Topp 5-profil,Nej,Miljö=40–45 | Tree=2 | Obs=20–29 | SpikeGap=20–30 | Spread=60–70 | Lopptyp=Topp 5-profil | Röd=Nej,1,1,0,100.0,9,48.69477911646587,14,-5,44.62293618920125,15,-6,43.040734366035565,15,-6,6
20,SPIKESCORE,40–45,2,40–59,30–40,<60,Öppet lopp,Ja,Miljö=40–45 | Tree=2 | Obs=40–59 | SpikeGap=30–40 | Spread=<60 | Lopptyp=Öppet lopp | Röd=Ja,1,1,0,100.0,10,48.69477911646587,15,-5,44.62293618920125,16,-6,43.040734366035565,16,-6,6
21,SPIKESCORE,40–45,2,60–99,40+,60–70,Öppet lopp,Ja,Miljö=40–45 | Tree=2 | Obs=60–99 | SpikeGap=40+ | Spread=60–70 | Lopptyp=Öppet lopp | Röd=Ja,1,1,0,100.0,11,48.69477911646587,16,-5,44.62293618920125,17,-6,43.040734366035565,17,-6,6
22,SPIKESCORE,40–45,3,40–59,40+,70–80,Öppet lopp,Nej,Miljö=40–45 | Tree=3 | Obs=40–59 | SpikeGap=40+ | Spread=70–80 | Lopptyp=Öppet lopp | Röd=Nej,1,1,0,100.0,12,48.69477911646587,17,-5,44.62293618920125,18,-6,43.040734366035565,18,-6,6
23,SPIKESCORE,45–50,2,40–59,0–10,80+,Öppet lopp,Ja,Miljö=45–50 | Tree=2 | Obs=40–59 | SpikeGap=0–10 | Spread=80+ | Lopptyp=Öppet lopp | Röd=Ja,1,1,0,100.0,13,48.69477911646587,18,-5,44.62293618920125,19,-6,43.040734366035565,19,-6,6
24,SPIKESCORE,45–50,2,40–59,10–20,80+,Topp 5-profil,Ja,Miljö=45–50 | Tree=2 | Obs=40–59 | SpikeGap=10–20 | Spread=80+ | Lopptyp=Topp 5-profil | Röd=Ja,1,1,0,100.0,14,48.69477911646587,19,-5,44.62293618920125,20,-6,43.040734366035565,20,-6,6
25,SPIKESCORE,45–50,2,60–99,20–30,80+,Öppet lopp,Nej,Miljö=45–50 | Tree=2 | Obs=60–99 | SpikeGap=20–30 | Spread=80+ | Lopptyp=Öppet lopp | Röd=Nej,1,1,0,100.0,15,48.69477911646587,20,-5,44.62293618920125,21,-6,43.040734366035565,21,-6,6
26,SPIKESCORE,45–50,3,30–39,0–10,80+,3-hästarslopp,Ja,Miljö=45–50 | Tree=3 | Obs=30–39 | SpikeGap=0–10 | Spread=80+ | Lopptyp=3-hästarslopp | Röd=Ja,1,1,0,100.0,16,48.69477911646587,21,-5,44.62293618920125,22,-6,43.040734366035565,22,-6,6
27,SPIKESCORE,45–50,3,30–39,10–20,70–80,Öppet lopp,Nej,Miljö=45–50 | Tree=3 | Obs=30–39 | SpikeGap=10–20 | Spread=70–80 | Lopptyp=Öppet lopp | Röd=Nej,1,1,0,100.0,17,48.69477911646587,22,-5,44.62293618920125,23,-6,43.040734366035565,23,-6,6
28,SPIKESCORE,45–50,3,30–39,30–40,60–70,Öppet lopp,Nej,Miljö=45–50 | Tree=3 | Obs=30–39 | SpikeGap=30–40 | Spread=60–70 | Lopptyp=Öppet lopp | Röd=Nej,1,1,0,100.0,18,48.69477911646587,23,-5,44.62293618920125,24,-6,43.040734366035565,24,-6,6
29,SPIKESCORE,45–50,3,30–39,30–40,70–80,Öppet lopp,Nej,Miljö=45–50 | Tree=3 | Obs=30–39 | SpikeGap=30–40 | Spread=70–80 | Lopptyp=Öppet lopp | Röd=Nej,1,1,0,100.0,19,48.69477911646587,24,-5,44.62293618920125,25,-6,43.040734366035565,25,-6,6
30,SPIKESCORE,50–55,2,40–59,0–10,70–80,Topp 5-profil,Nej,Miljö=50–55 | Tree=2 | Obs=40–59 | SpikeGap=0–10 | Spread=70–80 | Lopptyp=Topp 5-profil | Röd=Nej,1,1,0,100.0,20,48.69477911646587,25,-5,44.62293618920125,26,-6,43.040734366035565,26,-6,6
31,SPIKESCORE,50–55,3,20–29,0–10,80+,Öppet lopp,Nej,Miljö=50–55 | Tree=3 | Obs=20–29 | SpikeGap=0–10 | Spread=80+ | Lopptyp=Öppet lopp | Röd=Nej,1,1,0,100.0,21,48.69477911646587,26,-5,44.62293618920125,27,-6,43.040734366035565,27,-6,6
32,SPIKESCORE,50–55,3,20–29,40+,70–80,Öppet lopp,Nej,Miljö=50–55 | Tree=3 | Obs=20–29 | SpikeGap=40+ | Spread=70–80 | Lopptyp=Öppet lopp | Röd=Nej,1,1,0,100.0,22,48.69477911646587,27,-5,44.62293618920125,28,-6,43.040734366035565,28,-6,6
33,SPIKESCORE,50–55,3,30–39,0–10,70–80,3-hästarslopp,Nej,Miljö=50–55 | Tree=3 | Obs=30–39 | SpikeGap=0–10 | Spread=70–80 | Lopptyp=3-hästarslopp | Röd=Nej,1,1,0,100.0,23,48.69477911646587,28,-5,44.62293618920125,29,-6,43.040734366035565,29,-6,6
34,SPIKESCORE,50–55,3,30–39,20–30,70–80,3-hästarslopp,Nej,Miljö=50–55 | Tree=3 | Obs=30–39 | SpikeGap=20–30 | Spread=70–80 | Lopptyp=3-hästarslopp | Röd=Nej,1,1,0,100.0,24,48.69477911646587,29,-5,44.62293618920125,30,-6,43.040734366035565,30,-6,6
35,SPIKESCORE,55–60,2,30–39,20–30,60–70,Topp 5-profil,Nej,Miljö=55–60 | Tree=2 | Obs=30–39 | SpikeGap=20–30 | Spread=60–70 | Lopptyp=Topp 5-profil | Röd=Nej,1,1,0,100.0,25,48.69477911646587,30,-5,44.62293618920125,31,-6,43.040734366035565,31,-6,6
36,SPIKESCORE,55–60,3,20–29,30–40,70–80,3-hästarslopp,Nej,Miljö=55–60 | Tree=3 | Obs=20–29 | SpikeGap=30–40 | Spread=70–80 | Lopptyp=3-hästarslopp | Röd=Nej,1,1,0,100.0,26,48.69477911646587,31,-5,44.62293618920125,32,-6,43.040734366035565,32,-6,6
37,SPIKESCORE,65+,3,20–29,40+,80+,Öppet lopp,Nej,Miljö=65+ | Tree=3 | Obs=20–29 | SpikeGap=40+ | Spread=80+ | Lopptyp=Öppet lopp | Röd=Nej,1,1,0,100.0,27,48.69477911646587,32,-5,44.62293618920125,33,-6,43.040734366035565,33,-6,6
14,SPIKESCORE,50–55,4,20–29,10–20,80+,3-hästarslopp,Nej,Miljö=50–55 | Tree=4 | Obs=20–29 | SpikeGap=10–20 | Spread=80+ | Lopptyp=3-hästarslopp | Röd=Nej,4,2,2,50.0,34,44.50529390288427,34,0,43.01013578122012,34,0,42.27436060029592,34,0,0
38,SPIKESCORE,40–45,1,100+,10–20,<60,Öppet lopp,Nej,Miljö=40–45 | Tree=1 | Obs=100+ | SpikeGap=10–20 | Spread=<60 | Lopptyp=Öppet lopp | Röd=Nej,2,1,1,50.0,35,43.284248103525215,35,0,42.27436060029592,35,0,41.84515841142347,35,0,0
39,SPIKESCORE,40–45,2,20–29,0–10,60–70,Topp 5-profil,Ja,Miljö=40–45 | Tree=2 | Obs=20–29 | SpikeGap=0–10 | Spread=60–70 | Lopptyp=Topp 5-profil | Röd=Ja,2,1,1,50.0,36,43.284248103525215,36,0,42.27436060029592,36,0,41.84515841142347,36,0,0
40,SPIKESCORE,40–45,2,30–39,0–10,<60,Öppet lopp,Nej,Miljö=40–45 | Tree=2 | Obs=30–39 | SpikeGap=0–10 | Spread=<60 | Lopptyp=Öppet lopp | Röd=Nej,2,1,1,50.0,37,43.284248103525215,37,0,42.27436060029592,37,0,41.84515841142347,37,0,0
41,SPIKESCORE,40–45,3,20–29,20–30,60–70,Öppet lopp,Nej,Miljö=40–45 | Tree=3 | Obs=20–29 | SpikeGap=20–30 | Spread=60–70 | Lopptyp=Öppet lopp | Röd=Nej,2,1,1,50.0,38,43.284248103525215,38,0,42.27436060029592,38,0,41.84515841142347,38,0,0
42,SPIKESCORE,45–50,2,40–59,30–40,80+,Topp 5-profil,Ja,Miljö=45–50 | Tree=2 | Obs=40–59 | SpikeGap=30–40 | Spread=80+ | Lopptyp=Topp 5-profil | Röd=Ja,2,1,1,50.0,39,43.284248103525215,39,0,42.27436060029592,39,0,41.84515841142347,39,0,0
43,SPIKESCORE,45–50,2,40–59,30–40,<60,Öppet lopp,Nej,Miljö=45–50 | Tree=2 | Obs=40–59 | SpikeGap=30–40 | Spread=<60 | Lopptyp=Öppet lopp | Röd=Nej,2,1,1,50.0,40,43.284248103525215,40,0,42.27436060029592,40,0,41.84515841142347,40,0,0
44,SPIKESCORE,45–50,3,30–39,30–40,<60,Öppet lopp,Nej,Miljö=45–50 | Tree=3 | Obs=30–39 | SpikeGap=30–40 | Spread=<60 | Lopptyp=Öppet lopp | Röd=Nej,2,1,1,50.0,41,43.284248103525215,41,0,42.27436060029592,41,0,41.84515841142347,41,0,0
45,SPIKESCORE,55–60,2,20–29,40+,<60,Öppet lopp,Ja,Miljö=55–60 | Tree=2 | Obs=20–29 | SpikeGap=40+ | Spread=<60 | Lopptyp=Öppet lopp | Röd=Ja,2,1,1,50.0,42,43.284248103525215,42,0,42.27436060029592,42,0,41.84515841142347,42,0,0
46,SPIKESCORE,55–60,3,20–29,40+,70–80,Öppet lopp,Nej,Miljö=55–60 | Tree=3 | Obs=20–29 | SpikeGap=40+ | Spread=70–80 | Lopptyp=Öppet lopp | Röd=Nej,2,1,1,50.0,43,43.284248103525215,43,0,42.27436060029592,43,0,41.84515841142347,43,0,0
47,SPIKESCORE,65+,3,20–29,40+,60–70,Öppet lopp,Nej,Miljö=65+ | Tree=3 | Obs=20–29 | SpikeGap=40+ | Spread=60–70 | Lopptyp=Öppet lopp | Röd=Nej,2,1,1,50.0,44,43.284248103525215,44,0,42.27436060029592,44,0,41.84515841142347,44,0,0
8,SPIKESCORE,60–65,3,30–39,40+,70–80,3-hästarslopp,Nej,Miljö=60–65 | Tree=3 | Obs=30–39 | SpikeGap=40+ | Spread=70–80 | Lopptyp=3-hästarslopp | Röd=Nej,7,3,4,42.85714285714285,45,42.11130235226621,45,0,41.80053547523428,45,0,41.620139092957196,45,0,0
15,SPIKESCORE,40–45,3,40–59,40+,<60,Öppet lopp,Nej,Miljö=40–45 | Tree=3 | Obs=40–59 | SpikeGap=40+ | Spread=<60 | Lopptyp=Öppet lopp | Röd=Nej,5,2,3,40.0,46,40.79651941097725,46,0,41.05512960934648,46,0,41.190402636185766,46,0,0
48,SPIKESCORE,45–50,3,30–39,0–10,70–80,Öppet lopp,Nej,Miljö=45–50 | Tree=3 | Obs=30–39 | SpikeGap=0–10 | Spread=70–80 | Lopptyp=Öppet lopp | Röd=Nej,3,1,2,33.33333333333333,47,38.95582329317269,47,0,40.16064257028113,47,0,40.714208184087695,47,0,0
49,SPIKESCORE,45–50,3,30–39,0–10,80+,Öppet lopp,Nej,Miljö=45–50 | Tree=3 | Obs=30–39 | SpikeGap=0–10 | Spread=80+ | Lopptyp=Öppet lopp | Röd=Nej,3,1,2,33.33333333333333,48,38.95582329317269,48,0,40.16064257028113,48,0,40.714208184087695,48,0,0
50,SPIKESCORE,50–55,3,20–29,10–20,<60,Öppet lopp,Nej,Miljö=50–55 | Tree=3 | Obs=20–29 | SpikeGap=10–20 | Spread=<60 | Lopptyp=Öppet lopp | Röd=Nej,3,1,2,33.33333333333333,49,38.95582329317269,49,0,40.16064257028113,49,0,40.714208184087695,49,0,0
51,SPIKESCORE,50–55,4,20–29,30–40,80+,3-hästarslopp,Nej,Miljö=50–55 | Tree=4 | Obs=20–29 | SpikeGap=30–40 | Spread=80+ | Lopptyp=3-hästarslopp | Röd=Nej,3,1,2,33.33333333333333,50,38.95582329317269,50,0,40.16064257028113,50,0,40.714208184087695,50,0,0
52,SPIKESCORE,55–60,3,20–29,30–40,80+,3-hästarslopp,Nej,Miljö=55–60 | Tree=3 | Obs=20–29 | SpikeGap=30–40 | Spread=80+ | Lopptyp=3-hästarslopp | Röd=Nej,3,1,2,33.33333333333333,51,38.95582329317269,51,0,40.16064257028113,51,0,40.714208184087695,51,0,0
53,SPIKESCORE,55–60,3,20–29,40+,70–80,3-hästarslopp,Ja,Miljö=55–60 | Tree=3 | Obs=20–29 | SpikeGap=40+ | Spread=70–80 | Lopptyp=3-hästarslopp | Röd=Ja,3,1,2,33.33333333333333,52,38.95582329317269,52,0,40.16064257028113,52,0,40.714208184087695,52,0,0
54,SPIKESCORE,55–60,3,20–29,40+,80+,Öppet lopp,Nej,Miljö=55–60 | Tree=3 | Obs=20–29 | SpikeGap=40+ | Spread=80+ | Lopptyp=Öppet lopp | Röd=Nej,3,1,2,33.33333333333333,53,38.95582329317269,53,0,40.16064257028113,53,0,40.714208184087695,53,0,0
72,SPIKESCORE,40–45,1,100+,30–40,60–70,Öppet lopp,Nej,Miljö=40–45 | Tree=1 | Obs=100+ | SpikeGap=30–40 | Spread=60–70 | Lopptyp=Öppet lopp | Röd=Nej,1,0,1,0.0,72,36.19477911646587,54,18,39.06738063364569,54,18,40.18359150889271,54,18,18
73,SPIKESCORE,40–45,1,20–29,30–40,<60,Öppet lopp,Nej,Miljö=40–45 | Tree=1 | Obs=20–29 | SpikeGap=30–40 | Spread=<60 | Lopptyp=Öppet lopp | Röd=Nej,1,0,1,0.0,73,36.19477911646587,55,18,39.06738063364569,55,18,40.18359150889271,55,18,18
74,SPIKESCORE,40–45,1,40–59,10–20,60–70,Öppet lopp,Ja,Miljö=40–45 | Tree=1 | Obs=40–59 | SpikeGap=10–20 | Spread=60–70 | Lopptyp=Öppet lopp | Röd=Ja,1,0,1,0.0,74,36.19477911646587,56,18,39.06738063364569,56,18,40.18359150889271,56,18,18
75,SPIKESCORE,40–45,2,20–29,0–10,60–70,Öppet lopp,Nej,Miljö=40–45 | Tree=2 | Obs=20–29 | SpikeGap=0–10 | Spread=60–70 | Lopptyp=Öppet lopp | Röd=Nej,1,0,1,0.0,75,36.19477911646587,57,18,39.06738063364569,57,18,40.18359150889271,57,18,18
76,SPIKESCORE,40–45,2,40–59,10–20,<60,Öppet lopp,Ja,Miljö=40–45 | Tree=2 | Obs=40–59 | SpikeGap=10–20 | Spread=<60 | Lopptyp=Öppet lopp | Röd=Ja,1,0,1,0.0,76,36.19477911646587,58,18,39.06738063364569,58,18,40.18359150889271,58,18,18
77,SPIKESCORE,40–45,2,40–59,20–30,<60,Öppet lopp,Ja,Miljö=40–45 | Tree=2 | Obs=40–59 | SpikeGap=20–30 | Spread=<60 | Lopptyp=Öppet lopp | Röd=Ja,1,0,1,0.0,77,36.19477911646587,59,18,39.06738063364569,59,18,40.18359150889271,59,18,18
78,SPIKESCORE,40–45,3,40–59,40+,60–70,Topp 5-profil,Nej,Miljö=40–45 | Tree=3 | Obs=40–59 | SpikeGap=40+ | Spread=60–70 | Lopptyp=Topp 5-profil | Röd=Nej,1,0,1,0.0,78,36.19477911646587,60,18,39.06738063364569,60,18,40.18359150889271,60,18,18
79,SPIKESCORE,45–50,2,40–59,0–10,60–70,Topp 5-profil,Nej,Miljö=45–50 | Tree=2 | Obs=40–59 | SpikeGap=0–10 | Spread=60–70 | Lopptyp=Topp 5-profil | Röd=Nej,1,0,1,0.0,79,36.19477911646587,61,18,39.06738063364569,61,18,40.18359150889271,61,18,18
80,SPIKESCORE,45–50,2,40–59,0–10,80+,Topp 5-profil,Ja,Miljö=45–50 | Tree=2 | Obs=40–59 | SpikeGap=0–10 | Spread=80+ | Lopptyp=Topp 5-profil | Röd=Ja,1,0,1,0.0,80,36.19477911646587,62,18,39.06738063364569,62,18,40.18359150889271,62,18,18
81,SPIKESCORE,45–50,2,40–59,20–30,80+,Topp 5-profil,Ja,Miljö=45–50 | Tree=2 | Obs=40–59 | SpikeGap=20–30 | Spread=80+ | Lopptyp=Topp 5-profil | Röd=Ja,1,0,1,0.0,81,36.19477911646587,63,18,39.06738063364569,63,18,40.18359150889271,63,18,18
82,SPIKESCORE,45–50,2,60–99,0–10,80+,Öppet lopp,Nej,Miljö=45–50 | Tree=2 | Obs=60–99 | SpikeGap=0–10 | Spread=80+ | Lopptyp=Öppet lopp | Röd=Nej,1,0,1,0.0,82,36.19477911646587,64,18,39.06738063364569,64,18,40.18359150889271,64,18,18
83,SPIKESCORE,45–50,2,60–99,10–20,80+,Topp 5-profil,Nej,Miljö=45–50 | Tree=2 | Obs=60–99 | SpikeGap=10–20 | Spread=80+ | Lopptyp=Topp 5-profil | Röd=Nej,1,0,1,0.0,83,36.19477911646587,65,18,39.06738063364569,65,18,40.18359150889271,65,18,18
84,SPIKESCORE,45–50,2,60–99,10–20,80+,Öppet lopp,Nej,Miljö=45–50 | Tree=2 | Obs=60–99 | SpikeGap=10–20 | Spread=80+ | Lopptyp=Öppet lopp | Röd=Nej,1,0,1,0.0,84,36.19477911646587,66,18,39.06738063364569,66,18,40.18359150889271,66,18,18
85,SPIKESCORE,45–50,3,20–29,10–20,60–70,Topp 5-profil,Nej,Miljö=45–50 | Tree=3 | Obs=20–29 | SpikeGap=10–20 | Spread=60–70 | Lopptyp=Topp 5-profil | Röd=Nej,1,0,1,0.0,85,36.19477911646587,67,18,39.06738063364569,67,18,40.18359150889271,67,18,18
86,SPIKESCORE,45–50,3,20–29,40+,<60,Öppet lopp,Nej,Miljö=45–50 | Tree=3 | Obs=20–29 | SpikeGap=40+ | Spread=<60 | Lopptyp=Öppet lopp | Röd=Nej,1,0,1,0.0,86,36.19477911646587,68,18,39.06738063364569,68,18,40.18359150889271,68,18,18
87,SPIKESCORE,45–50,3,30–39,10–20,60–70,Öppet lopp,Nej,Miljö=45–50 | Tree=3 | Obs=30–39 | SpikeGap=10–20 | Spread=60–70 | Lopptyp=Öppet lopp | Röd=Nej,1,0,1,0.0,87,36.19477911646587,69,18,39.06738063364569,69,18,40.18359150889271,69,18,18
88,SPIKESCORE,45–50,3,30–39,10–20,80+,3-hästarslopp,Ja,Miljö=45–50 | Tree=3 | Obs=30–39 | SpikeGap=10–20 | Spread=80+ | Lopptyp=3-hästarslopp | Röd=Ja,1,0,1,0.0,88,36.19477911646587,70,18,39.06738063364569,70,18,40.18359150889271,70,18,18
89,SPIKESCORE,45–50,3,30–39,10–20,80+,Öppet lopp,Nej,Miljö=45–50 | Tree=3 | Obs=30–39 | SpikeGap=10–20 | Spread=80+ | Lopptyp=Öppet lopp | Röd=Nej,1,0,1,0.0,89,36.19477911646587,71,18,39.06738063364569,71,18,40.18359150889271,71,18,18
90,SPIKESCORE,50–55,2,20–29,0–10,70–80,Öppet lopp,Nej,Miljö=50–55 | Tree=2 | Obs=20–29 | SpikeGap=0–10 | Spread=70–80 | Lopptyp=Öppet lopp | Röd=Nej,1,0,1,0.0,90,36.19477911646587,72,18,39.06738063364569,72,18,40.18359150889271,72,18,18
91,SPIKESCORE,50–55,3,20–29,0–10,70–80,Öppet lopp,Nej,Miljö=50–55 | Tree=3 | Obs=20–29 | SpikeGap=0–10 | Spread=70–80 | Lopptyp=Öppet lopp | Röd=Nej,1,0,1,0.0,91,36.19477911646587,73,18,39.06738063364569,73,18,40.18359150889271,73,18,18
92,SPIKESCORE,50–55,3,20–29,10–20,80+,Öppet lopp,Nej,Miljö=50–55 | Tree=3 | Obs=20–29 | SpikeGap=10–20 | Spread=80+ | Lopptyp=Öppet lopp | Röd=Nej,1,0,1,0.0,92,36.19477911646587,74,18,39.06738063364569,74,18,40.18359150889271,74,18,18
93,SPIKESCORE,50–55,3,20–29,20–30,80+,3-hästarslopp,Ja,Miljö=50–55 | Tree=3 | Obs=20–29 | SpikeGap=20–30 | Spread=80+ | Lopptyp=3-hästarslopp | Röd=Ja,1,0,1,0.0,93,36.19477911646587,75,18,39.06738063364569,75,18,40.18359150889271,75,18,18
94,SPIKESCORE,50–55,3,20–29,20–30,<60,Öppet lopp,Nej,Miljö=50–55 | Tree=3 | Obs=20–29 | SpikeGap=20–30 | Spread=<60 | Lopptyp=Öppet lopp | Röd=Nej,1,0,1,0.0,94,36.19477911646587,76,18,39.06738063364569,76,18,40.18359150889271,76,18,18
95,SPIKESCORE,50–55,3,20–29,30–40,60–70,Öppet lopp,Nej,Miljö=50–55 | Tree=3 | Obs=20–29 | SpikeGap=30–40 | Spread=60–70 | Lopptyp=Öppet lopp | Röd=Nej,1,0,1,0.0,95,36.19477911646587,77,18,39.06738063364569,77,18,40.18359150889271,77,18,18
96,SPIKESCORE,50–55,3,20–29,30–40,<60,Öppet lopp,Nej,Miljö=50–55 | Tree=3 | Obs=20–29 | SpikeGap=30–40 | Spread=<60 | Lopptyp=Öppet lopp | Röd=Nej,1,0,1,0.0,96,36.19477911646587,78,18,39.06738063364569,78,18,40.18359150889271,78,18,18
97,SPIKESCORE,50–55,3,20–29,40+,60–70,Topp 5-profil,Nej,Miljö=50–55 | Tree=3 | Obs=20–29 | SpikeGap=40+ | Spread=60–70 | Lopptyp=Topp 5-profil | Röd=Nej,1,0,1,0.0,97,36.19477911646587,79,18,39.06738063364569,79,18,40.18359150889271,79,18,18
98,SPIKESCORE,55–60,3,20–29,0–10,80+,3-hästarslopp,Nej,Miljö=55–60 | Tree=3 | Obs=20–29 | SpikeGap=0–10 | Spread=80+ | Lopptyp=3-hästarslopp | Röd=Nej,1,0,1,0.0,98,36.19477911646587,80,18,39.06738063364569,80,18,40.18359150889271,80,18,18
99,SPIKESCORE,55–60,3,20–29,40+,60–70,Öppet lopp,Nej,Miljö=55–60 | Tree=3 | Obs=20–29 | SpikeGap=40+ | Spread=60–70 | Lopptyp=Öppet lopp | Röd=Nej,1,0,1,0.0,99,36.19477911646587,81,18,39.06738063364569,81,18,40.18359150889271,81,18,18
100,SPIKESCORE,55–60,3,20–29,40+,80+,3-hästarslopp,Ja,Miljö=55–60 | Tree=3 | Obs=20–29 | SpikeGap=40+ | Spread=80+ | Lopptyp=3-hästarslopp | Röd=Ja,1,0,1,0.0,100,36.19477911646587,82,18,39.06738063364569,82,18,40.18359150889271,82,18,18
55,SPIKESCORE,45–50,3,30–39,20–30,80+,Öppet lopp,Nej,Miljö=45–50 | Tree=3 | Obs=30–39 | SpikeGap=20–30 | Spread=80+ | Lopptyp=Öppet lopp | Röd=Nej,4,1,3,25.0,55,35.414384811975175,83,-28,38.24823101931536,83,-28,39.642781652927496,83,-28,28
16,SPIKESCORE,50–55,4,20–29,20–30,80+,3-hästarslopp,Nej,Miljö=50–55 | Tree=4 | Obs=20–29 | SpikeGap=20–30 | Spread=80+ | Lopptyp=3-hästarslopp | Röd=Nej,7,2,5,28.57142857142857,54,34.96844520940907,84,-30,37.633868808567605,84,-30,39.181114702713295,84,-30,30
64,SPIKESCORE,40–45,1,100+,30–40,<60,Öppet lopp,Nej,Miljö=40–45 | Tree=1 | Obs=100+ | SpikeGap=30–40 | Spread=<60 | Lopptyp=Öppet lopp | Röd=Nej,2,0,2,0.0,64,32.1731369924141,87,-23,37.01120270555908,85,-21,39.06738063364569,85,-21,23
65,SPIKESCORE,40–45,2,30–39,0–10,60–70,Topp 5-profil,Nej,Miljö=40–45 | Tree=2 | Obs=30–39 | SpikeGap=0–10 | Spread=60–70 | Lopptyp=Topp 5-profil | Röd=Nej,2,0,2,0.0,65,32.1731369924141,88,-23,37.01120270555908,86,-21,39.06738063364569,86,-21,23
66,SPIKESCORE,40–45,2,30–39,40+,60–70,Topp 5-profil,Ja,Miljö=40–45 | Tree=2 | Obs=30–39 | SpikeGap=40+ | Spread=60–70 | Lopptyp=Topp 5-profil | Röd=Ja,2,0,2,0.0,66,32.1731369924141,89,-23,37.01120270555908,87,-21,39.06738063364569,87,-21,23
67,SPIKESCORE,45–50,3,30–39,20–30,<60,Öppet lopp,Nej,Miljö=45–50 | Tree=3 | Obs=30–39 | SpikeGap=20–30 | Spread=<60 | Lopptyp=Öppet lopp | Röd=Nej,2,0,2,0.0,67,32.1731369924141,90,-23,37.01120270555908,88,-21,39.06738063364569,88,-21,23
68,SPIKESCORE,50–55,2,20–29,10–20,70–80,Öppet lopp,Nej,Miljö=50–55 | Tree=2 | Obs=20–29 | SpikeGap=10–20 | Spread=70–80 | Lopptyp=Öppet lopp | Röd=Nej,2,0,2,0.0,68,32.1731369924141,91,-23,37.01120270555908,89,-21,39.06738063364569,89,-21,23
69,SPIKESCORE,50–55,3,30–39,10–20,70–80,3-hästarslopp,Nej,Miljö=50–55 | Tree=3 | Obs=30–39 | SpikeGap=10–20 | Spread=70–80 | Lopptyp=3-hästarslopp | Röd=Nej,2,0,2,0.0,69,32.1731369924141,92,-23,37.01120270555908,90,-21,39.06738063364569,90,-21,23
70,SPIKESCORE,50–55,3,30–39,30–40,70–80,3-hästarslopp,Nej,Miljö=50–55 | Tree=3 | Obs=30–39 | SpikeGap=30–40 | Spread=70–80 | Lopptyp=3-hästarslopp | Röd=Nej,2,0,2,0.0,70,32.1731369924141,93,-23,37.01120270555908,91,-21,39.06738063364569,91,-21,23
71,SPIKESCORE,55–60,3,20–29,10–20,80+,3-hästarslopp,Nej,Miljö=55–60 | Tree=3 | Obs=20–29 | SpikeGap=10–20 | Spread=80+ | Lopptyp=3-hästarslopp | Röd=Nej,2,0,2,0.0,71,32.1731369924141,94,-23,37.01120270555908,92,-21,39.06738063364569,92,-21,23
56,SPIKESCORE,45–50,3,30–39,10–20,<60,Öppet lopp,Nej,Miljö=45–50 | Tree=3 | Obs=30–39 | SpikeGap=10–20 | Spread=<60 | Lopptyp=Öppet lopp | Röd=Nej,5,1,4,20.0,56,32.463186077643904,85,-29,36.50967506389193,93,-37,38.626300072083204,93,-37,37
57,SPIKESCORE,45–50,3,30–39,30–40,80+,Öppet lopp,Nej,Miljö=45–50 | Tree=3 | Obs=30–39 | SpikeGap=30–40 | Spread=80+ | Lopptyp=Öppet lopp | Röd=Nej,5,1,4,20.0,57,32.463186077643904,86,-29,36.50967506389193,94,-37,38.626300072083204,94,-37,37
60,SPIKESCORE,40–45,1,40–59,10–20,<60,Öppet lopp,Ja,Miljö=40–45 | Tree=1 | Obs=40–59 | SpikeGap=10–20 | Spread=<60 | Lopptyp=Öppet lopp | Röd=Ja,3,0,3,0.0,60,28.95582329317269,95,-35,35.16064257028112,95,-35,38.011505481385,95,-35,35
61,SPIKESCORE,40–45,1,40–59,20–30,<60,Öppet lopp,Ja,Miljö=40–45 | Tree=1 | Obs=40–59 | SpikeGap=20–30 | Spread=<60 | Lopptyp=Öppet lopp | Röd=Ja,3,0,3,0.0,61,28.95582329317269,96,-35,35.16064257028112,96,-35,38.011505481385,96,-35,35
62,SPIKESCORE,40–45,2,20–29,20–30,<60,Öppet lopp,Nej,Miljö=40–45 | Tree=2 | Obs=20–29 | SpikeGap=20–30 | Spread=<60 | Lopptyp=Öppet lopp | Röd=Nej,3,0,3,0.0,62,28.95582329317269,97,-35,35.16064257028112,97,-35,38.011505481385,97,-35,35
63,SPIKESCORE,40–45,3,20–29,40+,<60,Öppet lopp,Ja,Miljö=40–45 | Tree=3 | Obs=20–29 | SpikeGap=40+ | Spread=<60 | Lopptyp=Öppet lopp | Röd=Ja,3,0,3,0.0,63,28.95582329317269,98,-35,35.16064257028112,98,-35,38.011505481385,98,-35,35
58,SPIKESCORE,40–45,2,20–29,0–10,<60,Öppet lopp,Ja,Miljö=40–45 | Tree=2 | Obs=20–29 | SpikeGap=0–10 | Spread=<60 | Lopptyp=Öppet lopp | Röd=Ja,7,1,6,14.285714285714285,58,27.82558806655192,99,-41,33.467202141900934,99,-41,36.74209031246939,99,-41,41
59,SPIKESCORE,50–55,3,20–29,40+,<60,Öppet lopp,Nej,Miljö=50–55 | Tree=3 | Obs=20–29 | SpikeGap=40+ | Spread=<60 | Lopptyp=Öppet lopp | Röd=Nej,12,1,11,8.333333333333332,59,20.50306489114352,100,-41,27.696994876055946,100,-41,32.74838484372272,100,-41,41
